iter,train_loss
10,4.065
20,3.416
30,3.268
40,3.266
50,3.05
60,2.942
70,3.163
80,3.116
90,3.152
100,3.2
110,2.792
120,2.822
130,2.98
140,2.994
150,2.895
160,2.675
170,2.871
180,2.916
190,2.755
200,2.794
210,2.751
220,2.762
230,2.622
240,2.525
250,2.6
260,2.718
270,2.68
280,2.466
290,2.662
300,2.516
310,2.78
320,2.456
330,2.402
340,2.63
350,2.474
360,2.44
370,2.502
380,2.465
390,2.61
400,2.318
410,2.368
420,2.321
430,2.318
440,2.495
450,2.44
460,2.328
470,2.341
480,2.401
490,2.419
500,2.368
510,1.494
520,1.509
530,1.498
540,1.598
550,1.438
560,1.61
570,1.426
580,1.509
590,1.486
600,1.463
610,1.537
620,1.519
630,1.705
640,1.495
650,1.489
660,1.667
670,1.585
680,1.705
690,1.305
700,1.736
710,1.33
720,1.568
730,1.541
740,1.451
750,1.703
760,1.49
770,1.381
780,1.479
790,1.34
800,1.518
810,1.581
820,1.592
830,1.66
840,1.661
850,1.348
860,1.552
870,1.557
880,1.48
890,1.509
900,1.498
910,1.301
920,1.314
930,1.321
940,1.593
950,1.277
960,1.56
970,1.383
980,1.459
990,1.515
1000,1.505
1010,1.013
1020,0.842
1030,0.879
1040,0.919
1050,0.903
1060,0.849
1070,0.726
1080,0.907
1090,0.79
1100,0.969
1110,0.956
1120,0.883
1130,0.868
1140,0.98
1150,0.778
1160,0.869
1170,0.878
1180,0.944
1190,0.85
1200,0.898
1210,0.856
1220,0.783
1230,0.995
1240,0.905
1250,0.818
1260,0.907
1270,0.97
1280,0.933
1290,0.823
1300,1.001
1310,0.861
1320,1.008
1330,0.949
1340,0.898
1350,0.902
1360,0.925
1370,0.901
1380,0.908
1390,0.854
1400,0.867
1410,0.932
1420,0.94
1430,0.926
1440,0.916
1450,0.797
1460,0.834
1470,0.902
1480,0.827
1490,0.82
1500,0.932
